device,clicks,impressions,ctr,position
DESKTOP,6,21184,0.00028323262839879157,40.9922583081571
MOBILE,3,3671,0.0008172160174339417,25.00599291746118
TABLET,0,189,0,42.42857142857143
