clicks,impressions,ctr,position
9,25044,0.0003593675131768088,38.65979875419262
